replicate_id,train_strategy,test_strategy,augmentation,in_domain,n_train_simulations,relative_MAE_I,R2_I,MAE_I,R2_S,R2_R,R2_overall,MAE_S,MAE_R,RMSE,MSE,mean_peak_I,n_test_samples,model_path,training_epoch,source_file,peak_I,condition_id
1,LHS,LHS,0,0,2800,6.2988,0.935098,163.2279,0.985955,0.984963,0.997182,1559.2844,1559.6222,2237.8757,5008087.5,4015.44,600,experiments\lhs-sampling\out\results\testing\lhs_no_augmentation\trained models\best_balanced_mlp_model_1.pt,99,replicate_results_LHS_to_LHS_aug0.csv,,LHS_LHS_0
2,LHS,LHS,0,0,2800,6.6589,0.937894,158.8861,0.98688,0.986249,0.997392,1534.6743,1525.9868,2153.0298,4635537.5,4015.44,600,experiments\lhs-sampling\out\results\testing\lhs_no_augmentation\trained models\best_balanced_mlp_model_2.pt,96,replicate_results_LHS_to_LHS_aug0.csv,,LHS_LHS_0
3,LHS,LHS,0,0,2800,6.3992,0.936721,155.7145,0.986076,0.985514,0.997246,1490.1917,1475.8263,2212.3149,4894337.0,4015.44,600,experiments\lhs-sampling\out\results\testing\lhs_no_augmentation\trained models\best_balanced_mlp_model_3.pt,94,replicate_results_LHS_to_LHS_aug0.csv,,LHS_LHS_0
4,LHS,LHS,0,0,2800,6.6328,0.937746,156.957,0.986406,0.985945,0.997318,1467.7682,1454.2513,2183.0349,4765641.5,4015.44,600,experiments\lhs-sampling\out\results\testing\lhs_no_augmentation\trained models\best_balanced_mlp_model_4.pt,99,replicate_results_LHS_to_LHS_aug0.csv,,LHS_LHS_0
5,LHS,LHS,0,0,2800,6.7951,0.933664,161.0186,0.986697,0.986204,0.997363,1463.4814,1449.3961,2164.9404,4686967.0,4015.44,600,experiments\lhs-sampling\out\results\testing\lhs_no_augmentation\trained models\best_balanced_mlp_model_5.pt,98,replicate_results_LHS_to_LHS_aug0.csv,,LHS_LHS_0
6,LHS,LHS,0,0,2800,5.9168,0.936332,154.0543,0.982518,0.981958,0.996583,1649.0262,1626.6034,2464.3907,6073221.5,4015.44,600,experiments\lhs-sampling\out\results\testing\lhs_no_augmentation\trained models\best_balanced_mlp_model_6.pt,98,replicate_results_LHS_to_LHS_aug0.csv,,LHS_LHS_0
7,LHS,LHS,0,0,2800,6.6855,0.934186,164.0914,0.985288,0.98433,0.997059,1533.826,1534.6923,2286.1258,5226371.0,4015.44,600,experiments\lhs-sampling\out\results\testing\lhs_no_augmentation\trained models\best_balanced_mlp_model_7.pt,100,replicate_results_LHS_to_LHS_aug0.csv,,LHS_LHS_0
8,LHS,LHS,0,0,2800,6.8134,0.934636,164.348,0.985838,0.984874,0.997162,1583.1182,1579.4336,2245.8405,5043799.5,4015.44,600,experiments\lhs-sampling\out\results\testing\lhs_no_augmentation\trained models\best_balanced_mlp_model_8.pt,84,replicate_results_LHS_to_LHS_aug0.csv,,LHS_LHS_0
9,LHS,LHS,0,0,2800,6.1346,0.938927,153.2942,0.983478,0.983016,0.996775,1623.6837,1605.7964,2394.115,5731786.5,4015.44,600,experiments\lhs-sampling\out\results\testing\lhs_no_augmentation\trained models\best_balanced_mlp_model_9.pt,97,replicate_results_LHS_to_LHS_aug0.csv,,LHS_LHS_0
10,LHS,LHS,0,0,2800,7.0456,0.936807,158.7181,0.98603,0.9857,0.997259,1547.8854,1526.5427,2207.2816,4872092.0,4015.44,600,experiments\lhs-sampling\out\results\testing\lhs_no_augmentation\trained models\best_balanced_mlp_model_10.pt,84,replicate_results_LHS_to_LHS_aug0.csv,,LHS_LHS_0
1,LHS,LHS,1,0,8400,4.4056,0.955291,129.3833,0.990053,0.989629,0.998031,1247.5662,1239.5283,1870.4177,3498462.25,4015.44,600,experiments\lhs-sampling\out\trained-models\best_balanced_mlp_model_1.pt,83,replicate_results_LHS_to_LHS_aug1.csv,,LHS_LHS_1
2,LHS,LHS,1,0,8400,4.1619,0.956335,123.3784,0.990408,0.990291,0.998127,1138.3376,1119.844,1824.4356,3328565.25,4015.44,600,experiments\lhs-sampling\out\trained-models\best_balanced_mlp_model_2.pt,83,replicate_results_LHS_to_LHS_aug1.csv,,LHS_LHS_1
3,LHS,LHS,1,0,8400,4.3317,0.954925,124.8649,0.991262,0.991357,0.998303,1109.1731,1088.3226,1736.7275,3016222.25,4015.44,600,experiments\lhs-sampling\out\trained-models\best_balanced_mlp_model_3.pt,98,replicate_results_LHS_to_LHS_aug1.csv,,LHS_LHS_1
4,LHS,LHS,1,0,8400,4.1873,0.955948,126.1055,0.990346,0.99028,0.998119,1149.4003,1129.3693,1828.1115,3341991.75,4015.44,600,experiments\lhs-sampling\out\trained-models\best_balanced_mlp_model_4.pt,90,replicate_results_LHS_to_LHS_aug1.csv,,LHS_LHS_1
5,LHS,LHS,1,0,8400,4.366,0.954198,128.3333,0.990965,0.990736,0.998217,1164.3599,1149.3861,1780.0498,3168577.25,4015.44,600,experiments\lhs-sampling\out\trained-models\best_balanced_mlp_model_5.pt,94,replicate_results_LHS_to_LHS_aug1.csv,,LHS_LHS_1
6,LHS,LHS,1,0,8400,4.2244,0.954965,128.3301,0.990304,0.990113,0.998099,1150.126,1134.5696,1838.1937,3378956.0,4015.44,600,experiments\lhs-sampling\out\trained-models\best_balanced_mlp_model_6.pt,98,replicate_results_LHS_to_LHS_aug1.csv,,LHS_LHS_1
7,LHS,LHS,1,0,8400,4.3053,0.955704,124.404,0.991574,0.991463,0.998344,1032.2616,1017.4283,1715.658,2943482.25,4015.44,600,experiments\lhs-sampling\out\trained-models\best_balanced_mlp_model_7.pt,99,replicate_results_LHS_to_LHS_aug1.csv,,LHS_LHS_1
8,LHS,LHS,1,0,8400,4.3072,0.957691,122.0826,0.991098,0.991186,0.998276,1112.4686,1090.6226,1750.1681,3063088.5,4015.44,600,experiments\lhs-sampling\out\trained-models\best_balanced_mlp_model_8.pt,98,replicate_results_LHS_to_LHS_aug1.csv,,LHS_LHS_1
9,LHS,LHS,1,0,8400,4.2933,0.957237,123.3031,0.991103,0.990986,0.998258,1048.9854,1031.134,1759.4192,3095556.0,4015.44,600,experiments\lhs-sampling\out\trained-models\best_balanced_mlp_model_9.pt,100,replicate_results_LHS_to_LHS_aug1.csv,,LHS_LHS_1
10,LHS,LHS,1,0,8400,4.533,0.955759,127.3201,0.990405,0.990191,0.998117,1216.3024,1202.5404,1829.4399,3346850.5,4015.44,600,experiments\lhs-sampling\out\trained-models\best_balanced_mlp_model_10.pt,81,replicate_results_LHS_to_LHS_aug1.csv,,LHS_LHS_1
1,LHS,MCMC,0,0,2800,7.4464,0.872102,62.611,0.96437,0.961351,0.998687,1092.9584,1111.6305,1587.3993,2519836.5,1230.08,600,experiments\lhs-sampling\out\results\testing\lhs_no_augmentation\trained models\best_balanced_mlp_model_1.pt,99,replicate_results_LHS_to_MCMC_aug0.csv,,LHS_MCMC_0
2,LHS,MCMC,0,0,2800,7.9941,0.875159,63.0137,0.965652,0.962675,0.998733,1107.8237,1124.719,1559.3707,2431637.0,1230.08,600,experiments\lhs-sampling\out\results\testing\lhs_no_augmentation\trained models\best_balanced_mlp_model_2.pt,96,replicate_results_LHS_to_MCMC_aug0.csv,,LHS_MCMC_0
3,LHS,MCMC,0,0,2800,7.4807,0.87152,63.108,0.963325,0.960889,0.998661,1066.7004,1080.6056,1603.4144,2570937.75,1230.08,600,experiments\lhs-sampling\out\results\testing\lhs_no_augmentation\trained models\best_balanced_mlp_model_3.pt,94,replicate_results_LHS_to_MCMC_aug0.csv,,LHS_MCMC_0
4,LHS,MCMC,0,0,2800,7.855,0.876122,63.193,0.964352,0.962022,0.998699,1080.5454,1094.2109,1580.3629,2497547.0,1230.08,600,experiments\lhs-sampling\out\results\testing\lhs_no_augmentation\trained models\best_balanced_mlp_model_4.pt,99,replicate_results_LHS_to_MCMC_aug0.csv,,LHS_MCMC_0
5,LHS,MCMC,0,0,2800,8.1147,0.87305,62.2733,0.964369,0.96167,0.998693,1104.3351,1120.1711,1584.0192,2509116.75,1230.08,600,experiments\lhs-sampling\out\results\testing\lhs_no_augmentation\trained models\best_balanced_mlp_model_5.pt,98,replicate_results_LHS_to_MCMC_aug0.csv,,LHS_MCMC_0
6,LHS,MCMC,0,0,2800,6.9547,0.86298,61.815,0.953779,0.951528,0.998328,1194.8998,1205.045,1791.4228,3209195.5,1230.08,600,experiments\lhs-sampling\out\results\testing\lhs_no_augmentation\trained models\best_balanced_mlp_model_6.pt,98,replicate_results_LHS_to_MCMC_aug0.csv,,LHS_MCMC_0
7,LHS,MCMC,0,0,2800,7.9063,0.869159,63.5295,0.961698,0.958998,0.998599,1139.7977,1154.5347,1640.028,2689691.75,1230.08,600,experiments\lhs-sampling\out\results\testing\lhs_no_augmentation\trained models\best_balanced_mlp_model_7.pt,100,replicate_results_LHS_to_MCMC_aug0.csv,,LHS_MCMC_0
8,LHS,MCMC,0,0,2800,8.0337,0.878295,62.8072,0.960924,0.958032,0.998569,1189.588,1204.4598,1657.3659,2746861.75,1230.08,600,experiments\lhs-sampling\out\results\testing\lhs_no_augmentation\trained models\best_balanced_mlp_model_8.pt,84,replicate_results_LHS_to_MCMC_aug0.csv,,LHS_MCMC_0
9,LHS,MCMC,0,0,2800,7.2409,0.882201,60.0206,0.953371,0.950882,0.998311,1240.0432,1251.1943,1800.474,3241706.5,1230.08,600,experiments\lhs-sampling\out\results\testing\lhs_no_augmentation\trained models\best_balanced_mlp_model_9.pt,97,replicate_results_LHS_to_MCMC_aug0.csv,,LHS_MCMC_0
10,LHS,MCMC,0,0,2800,8.316,0.880367,63.6232,0.963361,0.960798,0.998661,1161.8152,1175.8339,1603.5677,2571429.5,1230.08,600,experiments\lhs-sampling\out\results\testing\lhs_no_augmentation\trained models\best_balanced_mlp_model_10.pt,84,replicate_results_LHS_to_MCMC_aug0.csv,,LHS_MCMC_0
1,LHS,MCMC,1,0,8400,5.6246,0.903612,50.1152,0.975955,0.974694,0.999127,851.5769,864.8354,1294.6822,1676202.0,1230.08,600,experiments\lhs-sampling\out\trained-models\best_balanced_mlp_model_1.pt,83,replicate_results_LHS_to_MCMC_aug1.csv,,LHS_MCMC_1
2,LHS,MCMC,1,0,8400,4.9998,0.918298,46.3368,0.9774,0.976684,0.999188,780.6917,787.5391,1248.4192,1558550.375,1230.08,600,experiments\lhs-sampling\out\trained-models\best_balanced_mlp_model_2.pt,83,replicate_results_LHS_to_MCMC_aug1.csv,,LHS_MCMC_1
3,LHS,MCMC,1,0,8400,5.3423,0.906247,48.1424,0.978593,0.977672,0.999225,788.2896,797.0633,1219.3398,1486789.5,1230.08,600,experiments\lhs-sampling\out\trained-models\best_balanced_mlp_model_3.pt,98,replicate_results_LHS_to_MCMC_aug1.csv,,LHS_MCMC_1
4,LHS,MCMC,1,0,8400,5.0616,0.912272,48.0854,0.974117,0.973615,0.999076,841.9175,845.8593,1331.7351,1773518.25,1230.08,600,experiments\lhs-sampling\out\trained-models\best_balanced_mlp_model_4.pt,90,replicate_results_LHS_to_MCMC_aug1.csv,,LHS_MCMC_1
5,LHS,MCMC,1,0,8400,5.4619,0.918854,47.1191,0.978163,0.977283,0.999212,791.0359,798.4405,1229.8398,1512505.875,1230.08,600,experiments\lhs-sampling\out\trained-models\best_balanced_mlp_model_5.pt,94,replicate_results_LHS_to_MCMC_aug1.csv,,LHS_MCMC_1
6,LHS,MCMC,1,0,8400,5.1477,0.910596,47.4154,0.974935,0.974146,0.9991,825.9469,832.3074,1314.6136,1728208.875,1230.08,600,experiments\lhs-sampling\out\trained-models\best_balanced_mlp_model_6.pt,98,replicate_results_LHS_to_MCMC_aug1.csv,,LHS_MCMC_1
7,LHS,MCMC,1,0,8400,5.3209,0.921166,46.2677,0.979309,0.978417,0.999252,731.4681,741.6243,1198.07,1435371.75,1230.08,600,experiments\lhs-sampling\out\trained-models\best_balanced_mlp_model_7.pt,99,replicate_results_LHS_to_MCMC_aug1.csv,,LHS_MCMC_1
8,LHS,MCMC,1,0,8400,5.3351,0.9138,47.5175,0.977187,0.976514,0.999181,788.4907,795.9964,1253.8465,1572131.125,1230.08,600,experiments\lhs-sampling\out\trained-models\best_balanced_mlp_model_8.pt,98,replicate_results_LHS_to_MCMC_aug1.csv,,LHS_MCMC_1
9,LHS,MCMC,1,0,8400,5.3411,0.914787,46.5586,0.977298,0.976936,0.99919,742.3932,745.5367,1246.6705,1554187.25,1230.08,600,experiments\lhs-sampling\out\trained-models\best_balanced_mlp_model_9.pt,100,replicate_results_LHS_to_MCMC_aug1.csv,,LHS_MCMC_1
10,LHS,MCMC,1,0,8400,5.7989,0.917486,47.5125,0.976914,0.975903,0.999166,832.5611,842.5804,1265.389,1601209.375,1230.08,600,experiments\lhs-sampling\out\trained-models\best_balanced_mlp_model_10.pt,81,replicate_results_LHS_to_MCMC_aug1.csv,,LHS_MCMC_1
1,LHS,UNIFORM_RANDOM,0,0,2800,6.3033,0.93687,188.5207,0.985425,0.984244,0.996697,1666.5271,1662.2146,2397.9035,5749941.0,4476.45,600,experiments\lhs-sampling\out\results\testing\lhs_no_augmentation\trained models\best_balanced_mlp_model_1.pt,99,replicate_results_LHS_to_UNIFORM_RANDOM_aug0.csv,,LHS_UNIFORM_RANDOM_0
2,LHS,UNIFORM_RANDOM,0,0,2800,6.7031,0.938107,184.4814,0.985784,0.984881,0.996803,1674.7837,1660.6415,2359.1183,5565439.0,4476.45,600,experiments\lhs-sampling\out\results\testing\lhs_no_augmentation\trained models\best_balanced_mlp_model_2.pt,96,replicate_results_LHS_to_UNIFORM_RANDOM_aug0.csv,,LHS_UNIFORM_RANDOM_0
3,LHS,UNIFORM_RANDOM,0,0,2800,6.3626,0.936771,185.821,0.985843,0.985171,0.996836,1552.347,1531.7324,2346.803,5507484.5,4476.45,600,experiments\lhs-sampling\out\results\testing\lhs_no_augmentation\trained models\best_balanced_mlp_model_3.pt,94,replicate_results_LHS_to_UNIFORM_RANDOM_aug0.csv,,LHS_UNIFORM_RANDOM_0
4,LHS,UNIFORM_RANDOM,0,0,2800,6.5523,0.937885,182.0248,0.98564,0.985099,0.996809,1587.6473,1564.8383,2356.8678,5554826.0,4476.45,600,experiments\lhs-sampling\out\results\testing\lhs_no_augmentation\trained models\best_balanced_mlp_model_4.pt,99,replicate_results_LHS_to_UNIFORM_RANDOM_aug0.csv,,LHS_UNIFORM_RANDOM_0
5,LHS,UNIFORM_RANDOM,0,0,2800,6.7957,0.939577,176.6841,0.986035,0.985508,0.996897,1577.8204,1554.5526,2324.2487,5402132.0,4476.45,600,experiments\lhs-sampling\out\results\testing\lhs_no_augmentation\trained models\best_balanced_mlp_model_5.pt,98,replicate_results_LHS_to_UNIFORM_RANDOM_aug0.csv,,LHS_UNIFORM_RANDOM_0
6,LHS,UNIFORM_RANDOM,0,0,2800,5.9812,0.939828,178.3709,0.98142,0.980845,0.995924,1818.9987,1781.7015,2663.899,7096358.0,4476.45,600,experiments\lhs-sampling\out\results\testing\lhs_no_augmentation\trained models\best_balanced_mlp_model_6.pt,98,replicate_results_LHS_to_UNIFORM_RANDOM_aug0.csv,,LHS_UNIFORM_RANDOM_0
7,LHS,UNIFORM_RANDOM,0,0,2800,6.6402,0.938631,186.9135,0.984587,0.983757,0.99656,1664.6445,1652.4346,2447.0631,5988118.0,4476.45,600,experiments\lhs-sampling\out\results\testing\lhs_no_augmentation\trained models\best_balanced_mlp_model_7.pt,100,replicate_results_LHS_to_UNIFORM_RANDOM_aug0.csv,,LHS_UNIFORM_RANDOM_0
8,LHS,UNIFORM_RANDOM,0,0,2800,6.7286,0.933394,193.2517,0.985058,0.984092,0.996635,1696.9037,1683.4946,2420.287,5857789.0,4476.45,600,experiments\lhs-sampling\out\results\testing\lhs_no_augmentation\trained models\best_balanced_mlp_model_8.pt,84,replicate_results_LHS_to_UNIFORM_RANDOM_aug0.csv,,LHS_UNIFORM_RANDOM_0
9,LHS,UNIFORM_RANDOM,0,0,2800,6.2049,0.937943,178.909,0.982584,0.982082,0.996172,1781.0177,1752.9303,2581.5756,6664532.5,4476.45,600,experiments\lhs-sampling\out\results\testing\lhs_no_augmentation\trained models\best_balanced_mlp_model_9.pt,97,replicate_results_LHS_to_UNIFORM_RANDOM_aug0.csv,,LHS_UNIFORM_RANDOM_0
10,LHS,UNIFORM_RANDOM,0,0,2800,6.9878,0.936055,185.0252,0.98551,0.985198,0.996802,1641.5608,1608.3242,2359.6436,5567918.0,4476.45,600,experiments\lhs-sampling\out\results\testing\lhs_no_augmentation\trained models\best_balanced_mlp_model_10.pt,84,replicate_results_LHS_to_UNIFORM_RANDOM_aug0.csv,,LHS_UNIFORM_RANDOM_0
1,LHS,UNIFORM_RANDOM,1,0,8400,4.5919,0.958724,144.1572,0.990366,0.989786,0.997838,1304.1213,1299.2362,1939.9932,3763573.5,4476.45,600,experiments\lhs-sampling\out\trained-models\best_balanced_mlp_model_1.pt,83,replicate_results_LHS_to_UNIFORM_RANDOM_aug1.csv,,LHS_UNIFORM_RANDOM_1
2,LHS,UNIFORM_RANDOM,1,0,8400,4.3116,0.959741,138.6574,0.990281,0.990055,0.997858,1230.9581,1212.9878,1930.9847,3728702.0,4476.45,600,experiments\lhs-sampling\out\trained-models\best_balanced_mlp_model_2.pt,83,replicate_results_LHS_to_UNIFORM_RANDOM_aug1.csv,,LHS_UNIFORM_RANDOM_1
3,LHS,UNIFORM_RANDOM,1,0,8400,4.4009,0.960349,135.4791,0.991182,0.991026,0.998056,1200.6613,1183.9191,1839.825,3384956.0,4476.45,600,experiments\lhs-sampling\out\trained-models\best_balanced_mlp_model_3.pt,98,replicate_results_LHS_to_UNIFORM_RANDOM_aug1.csv,,LHS_UNIFORM_RANDOM_1
4,LHS,UNIFORM_RANDOM,1,0,8400,4.3177,0.960136,138.4475,0.990385,0.990282,0.997893,1239.3501,1216.1985,1915.0968,3667595.75,4476.45,600,experiments\lhs-sampling\out\trained-models\best_balanced_mlp_model_4.pt,90,replicate_results_LHS_to_UNIFORM_RANDOM_aug1.csv,,LHS_UNIFORM_RANDOM_1
5,LHS,UNIFORM_RANDOM,1,0,8400,4.5083,0.959837,138.3791,0.990813,0.990451,0.997956,1233.9041,1220.2965,1886.3023,3558136.25,4476.45,600,experiments\lhs-sampling\out\trained-models\best_balanced_mlp_model_5.pt,94,replicate_results_LHS_to_UNIFORM_RANDOM_aug1.csv,,LHS_UNIFORM_RANDOM_1
6,LHS,UNIFORM_RANDOM,1,0,8400,4.3695,0.9603,138.763,0.990271,0.990092,0.997862,1228.3511,1207.3662,1929.2498,3722004.75,4476.45,600,experiments\lhs-sampling\out\trained-models\best_balanced_mlp_model_6.pt,98,replicate_results_LHS_to_UNIFORM_RANDOM_aug1.csv,,LHS_UNIFORM_RANDOM_1
7,LHS,UNIFORM_RANDOM,1,0,8400,4.4255,0.960872,136.0662,0.991657,0.991588,0.998165,1102.0049,1083.5046,1787.2287,3194186.25,4476.45,600,experiments\lhs-sampling\out\trained-models\best_balanced_mlp_model_7.pt,99,replicate_results_LHS_to_UNIFORM_RANDOM_aug1.csv,,LHS_UNIFORM_RANDOM_1
8,LHS,UNIFORM_RANDOM,1,0,8400,4.4811,0.960029,138.5253,0.991081,0.991028,0.998044,1188.8303,1169.1047,1845.1728,3404662.75,4476.45,600,experiments\lhs-sampling\out\trained-models\best_balanced_mlp_model_8.pt,98,replicate_results_LHS_to_UNIFORM_RANDOM_aug1.csv,,LHS_UNIFORM_RANDOM_1
9,LHS,UNIFORM_RANDOM,1,0,8400,4.4813,0.960652,136.5961,0.990423,0.990094,0.997879,1197.7997,1181.9984,1921.4165,3691841.5,4476.45,600,experiments\lhs-sampling\out\trained-models\best_balanced_mlp_model_9.pt,100,replicate_results_LHS_to_UNIFORM_RANDOM_aug1.csv,,LHS_UNIFORM_RANDOM_1
10,LHS,UNIFORM_RANDOM,1,0,8400,4.6935,0.959104,141.8312,0.990744,0.990449,0.997947,1266.9712,1255.7429,1890.4753,3573896.75,4476.45,600,experiments\lhs-sampling\out\trained-models\best_balanced_mlp_model_10.pt,81,replicate_results_LHS_to_UNIFORM_RANDOM_aug1.csv,,LHS_UNIFORM_RANDOM_1
1,MCMC,LHS,0,1,2800,4.5025,0.670677,246.5243,0.969795,0.97607,0.994371,1671.993,1525.3905,3162.9845,10004471.0,4015.44,600,experiments\mcmc-sampling\out\results\testing\mcmc_no_augmentation\trained models\best_balanced_mlp_model_1.pt,100,replicate_results_MCMC_to_LHS_aug0.csv,,MCMC_LHS_0
2,MCMC,LHS,0,1,2800,4.5586,0.67733,243.2005,0.968065,0.974374,0.994063,1742.472,1604.155,3248.3165,10551560.0,4015.44,600,experiments\mcmc-sampling\out\results\testing\mcmc_no_augmentation\trained models\best_balanced_mlp_model_2.pt,100,replicate_results_MCMC_to_LHS_aug0.csv,,MCMC_LHS_0
3,MCMC,LHS,0,1,2800,4.5056,0.616895,260.1643,0.961215,0.969206,0.992834,1792.0593,1628.1648,3568.6772,12735457.0,4015.44,600,experiments\mcmc-sampling\out\results\testing\mcmc_no_augmentation\trained models\best_balanced_mlp_model_3.pt,100,replicate_results_MCMC_to_LHS_aug0.csv,,MCMC_LHS_0
4,MCMC,LHS,0,1,2800,4.4776,0.652283,253.0718,0.961195,0.968512,0.992831,1840.7479,1691.0862,3569.5171,12741452.0,4015.44,600,experiments\mcmc-sampling\out\results\testing\mcmc_no_augmentation\trained models\best_balanced_mlp_model_4.pt,100,replicate_results_MCMC_to_LHS_aug0.csv,,MCMC_LHS_0
5,MCMC,LHS,0,1,2800,4.533,0.652133,254.823,0.963415,0.971018,0.99327,1855.2301,1698.6467,3458.4963,11961197.0,4015.44,600,experiments\mcmc-sampling\out\results\testing\mcmc_no_augmentation\trained models\best_balanced_mlp_model_5.pt,100,replicate_results_MCMC_to_LHS_aug0.csv,,MCMC_LHS_0
6,MCMC,LHS,0,1,2800,4.5478,0.64683,253.79,0.964862,0.971957,0.993484,1759.578,1604.223,3402.9077,11579781.0,4015.44,600,experiments\mcmc-sampling\out\results\testing\mcmc_no_augmentation\trained models\best_balanced_mlp_model_6.pt,100,replicate_results_MCMC_to_LHS_aug0.csv,,MCMC_LHS_0
7,MCMC,LHS,0,1,2800,4.8382,0.641846,256.118,0.960532,0.968205,0.992721,1857.5989,1697.3951,3596.6722,12936051.0,4015.44,600,experiments\mcmc-sampling\out\results\testing\mcmc_no_augmentation\trained models\best_balanced_mlp_model_7.pt,100,replicate_results_MCMC_to_LHS_aug0.csv,,MCMC_LHS_0
8,MCMC,LHS,0,1,2800,4.6662,0.650654,252.8253,0.962709,0.969725,0.993083,1864.2135,1708.5295,3506.1947,12293401.0,4015.44,600,experiments\mcmc-sampling\out\results\testing\mcmc_no_augmentation\trained models\best_balanced_mlp_model_8.pt,100,replicate_results_MCMC_to_LHS_aug0.csv,,MCMC_LHS_0
9,MCMC,LHS,0,1,2800,4.4554,0.65524,249.7332,0.967096,0.974212,0.993917,1769.0378,1607.7679,3287.9758,10810785.0,4015.44,600,experiments\mcmc-sampling\out\results\testing\mcmc_no_augmentation\trained models\best_balanced_mlp_model_9.pt,100,replicate_results_MCMC_to_LHS_aug0.csv,,MCMC_LHS_0
10,MCMC,LHS,0,1,2800,4.8642,0.609987,263.1813,0.949651,0.958361,0.990732,1980.4534,1813.4453,4058.371,16470375.0,4015.44,600,experiments\mcmc-sampling\out\results\testing\mcmc_no_augmentation\trained models\best_balanced_mlp_model_10.pt,100,replicate_results_MCMC_to_LHS_aug0.csv,,MCMC_LHS_0
1,MCMC,LHS,1,1,8400,4.2709,0.688241,241.3826,0.970135,0.97568,0.994398,1852.7245,1710.1703,3155.1748,9955128.0,4015.44,600,experiments\mcmc-sampling\out\trained-models\best_balanced_mlp_model_1.pt,65,replicate_results_MCMC_to_LHS_aug1.csv,4015.44,MCMC_LHS_1
2,MCMC,LHS,1,1,8400,4.2357,0.702685,234.4778,0.973938,0.978914,0.99508,1734.3589,1602.9816,2956.8409,8742908.0,4015.44,600,experiments\mcmc-sampling\out\trained-models\best_balanced_mlp_model_2.pt,77,replicate_results_MCMC_to_LHS_aug1.csv,4015.44,MCMC_LHS_1
3,MCMC,LHS,1,1,8400,4.2889,0.669962,243.8559,0.970996,0.976453,0.994519,1777.6536,1638.1342,3120.9233,9740162.0,4015.44,600,experiments\mcmc-sampling\out\trained-models\best_balanced_mlp_model_3.pt,74,replicate_results_MCMC_to_LHS_aug1.csv,4015.44,MCMC_LHS_1
4,MCMC,LHS,1,1,8400,4.2111,0.70574,234.5579,0.96918,0.97493,0.994269,1816.3309,1676.1254,3191.3873,10184953.0,4015.44,600,experiments\mcmc-sampling\out\trained-models\best_balanced_mlp_model_4.pt,72,replicate_results_MCMC_to_LHS_aug1.csv,4015.44,MCMC_LHS_1
5,MCMC,LHS,1,1,8400,4.343,0.673456,244.327,0.97027,0.976315,0.994443,1867.7662,1725.8734,3142.5619,9875695.0,4015.44,600,experiments\mcmc-sampling\out\trained-models\best_balanced_mlp_model_5.pt,86,replicate_results_MCMC_to_LHS_aug1.csv,4015.44,MCMC_LHS_1
6,MCMC,LHS,1,1,8400,4.247,0.69138,237.3188,0.968985,0.974856,0.994219,1838.2043,1696.3416,3205.3182,10274065.0,4015.44,600,experiments\mcmc-sampling\out\trained-models\best_balanced_mlp_model_6.pt,69,replicate_results_MCMC_to_LHS_aug1.csv,4015.44,MCMC_LHS_1
7,MCMC,LHS,1,1,8400,4.2649,0.7069,232.2462,0.974748,0.980102,0.995273,1662.5823,1524.3184,2898.4625,8401085.0,4015.44,600,experiments\mcmc-sampling\out\trained-models\best_balanced_mlp_model_7.pt,87,replicate_results_MCMC_to_LHS_aug1.csv,4015.44,MCMC_LHS_1
8,MCMC,LHS,1,1,8400,4.2638,0.697638,237.2057,0.970045,0.974916,0.994337,1936.4243,1802.2885,3172.4007,10064126.0,4015.44,600,experiments\mcmc-sampling\out\trained-models\best_balanced_mlp_model_8.pt,96,replicate_results_MCMC_to_LHS_aug1.csv,4015.44,MCMC_LHS_1
9,MCMC,LHS,1,1,8400,4.2408,0.684282,239.0406,0.971018,0.977092,0.994604,1758.7979,1612.3546,3096.8061,9590208.0,4015.44,600,experiments\mcmc-sampling\out\trained-models\best_balanced_mlp_model_9.pt,98,replicate_results_MCMC_to_LHS_aug1.csv,4015.44,MCMC_LHS_1
10,MCMC,LHS,1,1,8400,4.3282,0.652193,246.742,0.960908,0.968489,0.992801,1895.4824,1737.6287,3576.9672,12794694.0,4015.44,600,experiments\mcmc-sampling\out\trained-models\best_balanced_mlp_model_10.pt,77,replicate_results_MCMC_to_LHS_aug1.csv,4015.44,MCMC_LHS_1
1,MCMC,MCMC,0,1,2800,4.8012,0.857602,53.9709,0.976765,0.976364,0.999167,757.2931,760.7427,1264.873,1599903.75,1230.08,600,experiments\mcmc-sampling\out\results\testing\mcmc_no_augmentation\trained models\best_balanced_mlp_model_1.pt,100,replicate_results_MCMC_to_MCMC_aug0.csv,,MCMC_MCMC_0
2,MCMC,MCMC,0,1,2800,4.8524,0.863183,53.2023,0.975012,0.974763,0.999108,803.3578,806.0467,1308.4848,1712132.375,1230.08,600,experiments\mcmc-sampling\out\results\testing\mcmc_no_augmentation\trained models\best_balanced_mlp_model_2.pt,100,replicate_results_MCMC_to_MCMC_aug0.csv,,MCMC_MCMC_0
3,MCMC,MCMC,0,1,2800,4.7393,0.855691,52.5051,0.97887,0.978749,0.999245,724.9202,728.4854,1203.7758,1449076.125,1230.08,600,experiments\mcmc-sampling\out\results\testing\mcmc_no_augmentation\trained models\best_balanced_mlp_model_3.pt,100,replicate_results_MCMC_to_MCMC_aug0.csv,,MCMC_MCMC_0
4,MCMC,MCMC,0,1,2800,4.6753,0.859444,54.0064,0.977735,0.977365,0.999201,768.3365,772.84,1238.2436,1533247.25,1230.08,600,experiments\mcmc-sampling\out\results\testing\mcmc_no_augmentation\trained models\best_balanced_mlp_model_4.pt,100,replicate_results_MCMC_to_MCMC_aug0.csv,,MCMC_MCMC_0
5,MCMC,MCMC,0,1,2800,4.8392,0.84781,55.2364,0.97175,0.972004,0.999001,848.5171,849.7449,1384.7305,1917478.5,1230.08,600,experiments\mcmc-sampling\out\results\testing\mcmc_no_augmentation\trained models\best_balanced_mlp_model_5.pt,100,replicate_results_MCMC_to_MCMC_aug0.csv,,MCMC_MCMC_0
6,MCMC,MCMC,0,1,2800,4.7633,0.862356,53.5562,0.976769,0.976655,0.999172,762.0382,764.5959,1260.7117,1589393.875,1230.08,600,experiments\mcmc-sampling\out\results\testing\mcmc_no_augmentation\trained models\best_balanced_mlp_model_6.pt,100,replicate_results_MCMC_to_MCMC_aug0.csv,,MCMC_MCMC_0
7,MCMC,MCMC,0,1,2800,5.2383,0.848804,56.6033,0.974226,0.974289,0.999085,812.6109,811.5425,1325.4583,1756839.625,1230.08,600,experiments\mcmc-sampling\out\results\testing\mcmc_no_augmentation\trained models\best_balanced_mlp_model_7.pt,100,replicate_results_MCMC_to_MCMC_aug0.csv,,MCMC_MCMC_0
8,MCMC,MCMC,0,1,2800,5.1321,0.849649,55.3747,0.97556,0.975487,0.999129,823.0891,823.8279,1292.8191,1671381.25,1230.08,600,experiments\mcmc-sampling\out\results\testing\mcmc_no_augmentation\trained models\best_balanced_mlp_model_8.pt,100,replicate_results_MCMC_to_MCMC_aug0.csv,,MCMC_MCMC_0
9,MCMC,MCMC,0,1,2800,4.6799,0.86314,51.9762,0.972112,0.972312,0.999014,849.1046,847.8179,1375.7136,1892587.875,1230.08,600,experiments\mcmc-sampling\out\results\testing\mcmc_no_augmentation\trained models\best_balanced_mlp_model_9.pt,100,replicate_results_MCMC_to_MCMC_aug0.csv,,MCMC_MCMC_0
10,MCMC,MCMC,0,1,2800,5.3857,0.85714,54.5866,0.973729,0.973906,0.99907,771.1086,771.1852,1336.151,1785299.5,1230.08,600,experiments\mcmc-sampling\out\results\testing\mcmc_no_augmentation\trained models\best_balanced_mlp_model_10.pt,100,replicate_results_MCMC_to_MCMC_aug0.csv,,MCMC_MCMC_0
1,MCMC,MCMC,1,1,8400,4.4576,0.858788,52.172,0.971638,0.971035,0.998983,865.6379,870.3564,1397.0849,1951846.25,1230.08,600,experiments\mcmc-sampling\out\trained-models\best_balanced_mlp_model_1.pt,65,replicate_results_MCMC_to_MCMC_aug1.csv,,MCMC_MCMC_1
2,MCMC,MCMC,1,1,8400,4.4444,0.866074,52.3032,0.972494,0.972138,0.999018,876.5224,878.3162,1372.9211,1884912.25,1230.08,600,experiments\mcmc-sampling\out\trained-models\best_balanced_mlp_model_2.pt,77,replicate_results_MCMC_to_MCMC_aug1.csv,,MCMC_MCMC_1
3,MCMC,MCMC,1,1,8400,4.5134,0.853649,53.8465,0.974162,0.973664,0.999073,848.4156,851.6644,1333.8144,1779060.75,1230.08,600,experiments\mcmc-sampling\out\trained-models\best_balanced_mlp_model_3.pt,74,replicate_results_MCMC_to_MCMC_aug1.csv,,MCMC_MCMC_1
4,MCMC,MCMC,1,1,8400,4.4192,0.864094,52.8793,0.974028,0.9734,0.999067,834.6436,837.7979,1338.2446,1790898.625,1230.08,600,experiments\mcmc-sampling\out\trained-models\best_balanced_mlp_model_4.pt,72,replicate_results_MCMC_to_MCMC_aug1.csv,,MCMC_MCMC_1
5,MCMC,MCMC,1,1,8400,4.5713,0.844567,55.7652,0.971642,0.970968,0.998981,923.8743,928.0505,1398.5922,1956060.25,1230.08,600,experiments\mcmc-sampling\out\trained-models\best_balanced_mlp_model_5.pt,86,replicate_results_MCMC_to_MCMC_aug1.csv,,MCMC_MCMC_1
6,MCMC,MCMC,1,1,8400,4.4372,0.860925,51.9276,0.972694,0.972187,0.999022,879.591,883.0349,1370.1118,1877206.375,1230.08,600,experiments\mcmc-sampling\out\trained-models\best_balanced_mlp_model_6.pt,69,replicate_results_MCMC_to_MCMC_aug1.csv,,MCMC_MCMC_1
7,MCMC,MCMC,1,1,8400,4.528,0.863262,52.1677,0.974848,0.974634,0.999103,841.5581,843.0201,1312.2387,1721970.375,1230.08,600,experiments\mcmc-sampling\out\trained-models\best_balanced_mlp_model_7.pt,87,replicate_results_MCMC_to_MCMC_aug1.csv,,MCMC_MCMC_1
8,MCMC,MCMC,1,1,8400,4.5432,0.858612,53.0546,0.966843,0.966075,0.998812,957.7026,962.3505,1510.1015,2280406.5,1230.08,600,experiments\mcmc-sampling\out\trained-models\best_balanced_mlp_model_8.pt,96,replicate_results_MCMC_to_MCMC_aug1.csv,,MCMC_MCMC_1
9,MCMC,MCMC,1,1,8400,4.4568,0.867684,51.7782,0.974386,0.974005,0.999084,833.3661,836.6365,1325.9118,1758042.0,1230.08,600,experiments\mcmc-sampling\out\trained-models\best_balanced_mlp_model_9.pt,98,replicate_results_MCMC_to_MCMC_aug1.csv,,MCMC_MCMC_1
10,MCMC,MCMC,1,1,8400,4.6939,0.870767,51.4079,0.974948,0.974598,0.999105,850.5575,853.0397,1310.9777,1718662.625,1230.08,600,experiments\mcmc-sampling\out\trained-models\best_balanced_mlp_model_10.pt,77,replicate_results_MCMC_to_MCMC_aug1.csv,,MCMC_MCMC_1
1,MCMC,UNIFORM_RANDOM,0,1,2800,4.6238,0.682037,279.8416,0.97005,0.97632,0.99373,1810.0753,1645.4987,3303.8462,10915400.0,4476.45,600,experiments\mcmc-sampling\out\results\testing\mcmc_no_augmentation\trained models\best_balanced_mlp_model_1.pt,100,replicate_results_MCMC_to_UNIFORM_RANDOM_aug0.csv,,MCMC_UNIFORM_RANDOM_0
2,MCMC,UNIFORM_RANDOM,0,1,2800,4.7406,0.690379,277.8244,0.968836,0.97479,0.993459,1917.1974,1760.1456,3374.4038,11386601.0,4476.45,600,experiments\mcmc-sampling\out\results\testing\mcmc_no_augmentation\trained models\best_balanced_mlp_model_2.pt,100,replicate_results_MCMC_to_UNIFORM_RANDOM_aug0.csv,,MCMC_UNIFORM_RANDOM_0
3,MCMC,UNIFORM_RANDOM,0,1,2800,4.6015,0.633189,295.8897,0.961181,0.968834,0.991913,1987.1038,1803.3613,3752.0326,14077749.0,4476.45,600,experiments\mcmc-sampling\out\results\testing\mcmc_no_augmentation\trained models\best_balanced_mlp_model_3.pt,100,replicate_results_MCMC_to_UNIFORM_RANDOM_aug0.csv,,MCMC_UNIFORM_RANDOM_0
4,MCMC,UNIFORM_RANDOM,0,1,2800,4.6244,0.667989,287.8549,0.961598,0.968492,0.991991,2015.8434,1850.0209,3733.8721,13941801.0,4476.45,600,experiments\mcmc-sampling\out\results\testing\mcmc_no_augmentation\trained models\best_balanced_mlp_model_4.pt,100,replicate_results_MCMC_to_UNIFORM_RANDOM_aug0.csv,,MCMC_UNIFORM_RANDOM_0
5,MCMC,UNIFORM_RANDOM,0,1,2800,4.6813,0.665446,288.0836,0.962261,0.969794,0.992191,2053.0024,1875.0378,3687.1322,13594944.0,4476.45,600,experiments\mcmc-sampling\out\results\testing\mcmc_no_augmentation\trained models\best_balanced_mlp_model_5.pt,100,replicate_results_MCMC_to_UNIFORM_RANDOM_aug0.csv,,MCMC_UNIFORM_RANDOM_0
6,MCMC,UNIFORM_RANDOM,0,1,2800,4.6531,0.660845,287.1647,0.965068,0.971962,0.992706,1930.8118,1756.9724,3563.3785,12697666.0,4476.45,600,experiments\mcmc-sampling\out\results\testing\mcmc_no_augmentation\trained models\best_balanced_mlp_model_6.pt,100,replicate_results_MCMC_to_UNIFORM_RANDOM_aug0.csv,,MCMC_UNIFORM_RANDOM_0
7,MCMC,UNIFORM_RANDOM,0,1,2800,4.9261,0.662683,290.5121,0.959606,0.967117,0.991625,2058.7026,1879.1542,3818.1877,14578557.0,4476.45,600,experiments\mcmc-sampling\out\results\testing\mcmc_no_augmentation\trained models\best_balanced_mlp_model_7.pt,100,replicate_results_MCMC_to_UNIFORM_RANDOM_aug0.csv,,MCMC_UNIFORM_RANDOM_0
8,MCMC,UNIFORM_RANDOM,0,1,2800,4.7698,0.668035,284.7155,0.962967,0.969746,0.992267,2031.6732,1857.0281,3668.9921,13461503.0,4476.45,600,experiments\mcmc-sampling\out\results\testing\mcmc_no_augmentation\trained models\best_balanced_mlp_model_8.pt,100,replicate_results_MCMC_to_UNIFORM_RANDOM_aug0.csv,,MCMC_UNIFORM_RANDOM_0
9,MCMC,UNIFORM_RANDOM,0,1,2800,4.587,0.675673,281.3177,0.967116,0.974315,0.993196,1913.3854,1730.6615,3441.6399,11844885.0,4476.45,600,experiments\mcmc-sampling\out\results\testing\mcmc_no_augmentation\trained models\best_balanced_mlp_model_9.pt,100,replicate_results_MCMC_to_UNIFORM_RANDOM_aug0.csv,,MCMC_UNIFORM_RANDOM_0
10,MCMC,UNIFORM_RANDOM,0,1,2800,4.9502,0.625626,300.1722,0.947864,0.956342,0.989186,2236.0295,2045.2966,4338.7496,18824748.0,4476.45,600,experiments\mcmc-sampling\out\results\testing\mcmc_no_augmentation\trained models\best_balanced_mlp_model_10.pt,100,replicate_results_MCMC_to_UNIFORM_RANDOM_aug0.csv,,MCMC_UNIFORM_RANDOM_0
1,MCMC,UNIFORM_RANDOM,1,1,8400,4.4105,0.701109,272.0543,0.971848,0.977191,0.99405,1934.1052,1776.1853,3218.3255,10357619.0,4476.45,600,experiments\mcmc-sampling\out\trained-models\best_balanced_mlp_model_1.pt,65,replicate_results_MCMC_to_UNIFORM_RANDOM_aug1.csv,4476.45,MCMC_UNIFORM_RANDOM_1
2,MCMC,UNIFORM_RANDOM,1,1,8400,4.384,0.709181,265.822,0.975105,0.979935,0.994698,1852.7114,1705.3169,3038.1942,9230624.0,4476.45,600,experiments\mcmc-sampling\out\trained-models\best_balanced_mlp_model_2.pt,77,replicate_results_MCMC_to_UNIFORM_RANDOM_aug1.csv,4476.45,MCMC_UNIFORM_RANDOM_1
3,MCMC,UNIFORM_RANDOM,1,1,8400,4.4055,0.682952,277.4594,0.972135,0.977342,0.994061,1886.3481,1735.2269,3215.3449,10338443.0,4476.45,600,experiments\mcmc-sampling\out\trained-models\best_balanced_mlp_model_3.pt,74,replicate_results_MCMC_to_UNIFORM_RANDOM_aug1.csv,4476.45,MCMC_UNIFORM_RANDOM_1
4,MCMC,UNIFORM_RANDOM,1,1,8400,4.3669,0.718914,265.4965,0.970781,0.976195,0.993868,1904.7468,1751.9633,3267.2098,10674660.0,4476.45,600,experiments\mcmc-sampling\out\trained-models\best_balanced_mlp_model_4.pt,72,replicate_results_MCMC_to_UNIFORM_RANDOM_aug1.csv,4476.45,MCMC_UNIFORM_RANDOM_1
5,MCMC,UNIFORM_RANDOM,1,1,8400,4.4928,0.689622,276.8904,0.970847,0.97671,0.99387,2010.4578,1852.7993,3266.5557,10670386.0,4476.45,600,experiments\mcmc-sampling\out\trained-models\best_balanced_mlp_model_5.pt,86,replicate_results_MCMC_to_UNIFORM_RANDOM_aug1.csv,4476.45,MCMC_UNIFORM_RANDOM_1
6,MCMC,UNIFORM_RANDOM,1,1,8400,4.3556,0.70223,268.1421,0.969323,0.975137,0.99357,1967.8483,1808.9551,3345.6345,11193270.0,4476.45,600,experiments\mcmc-sampling\out\trained-models\best_balanced_mlp_model_6.pt,69,replicate_results_MCMC_to_UNIFORM_RANDOM_aug1.csv,4476.45,MCMC_UNIFORM_RANDOM_1
7,MCMC,UNIFORM_RANDOM,1,1,8400,4.4092,0.724771,261.4278,0.975263,0.980572,0.99481,1781.323,1624.3397,3005.8485,9035125.0,4476.45,600,experiments\mcmc-sampling\out\trained-models\best_balanced_mlp_model_7.pt,87,replicate_results_MCMC_to_UNIFORM_RANDOM_aug1.csv,4476.45,MCMC_UNIFORM_RANDOM_1
8,MCMC,UNIFORM_RANDOM,1,1,8400,4.3941,0.713701,265.6039,0.970898,0.975756,0.993826,2056.3679,1903.7672,3278.3863,10747817.0,4476.45,600,experiments\mcmc-sampling\out\trained-models\best_balanced_mlp_model_8.pt,96,replicate_results_MCMC_to_UNIFORM_RANDOM_aug1.csv,4476.45,MCMC_UNIFORM_RANDOM_1
9,MCMC,UNIFORM_RANDOM,1,1,8400,4.375,0.702431,267.5857,0.972085,0.978144,0.994175,1857.4447,1692.8281,3184.3056,10139802.0,4476.45,600,experiments\mcmc-sampling\out\trained-models\best_balanced_mlp_model_9.pt,98,replicate_results_MCMC_to_UNIFORM_RANDOM_aug1.csv,4476.45,MCMC_UNIFORM_RANDOM_1
10,MCMC,UNIFORM_RANDOM,1,1,8400,4.4598,0.664661,279.7856,0.960946,0.968256,0.99189,2113.5647,1935.7122,3757.3701,14117830.0,4476.45,600,experiments\mcmc-sampling\out\trained-models\best_balanced_mlp_model_10.pt,77,replicate_results_MCMC_to_UNIFORM_RANDOM_aug1.csv,4476.45,MCMC_UNIFORM_RANDOM_1
1,UNIFORM_RANDOM,LHS,0,0,2800,5.8348,0.941752,149.9362,0.989176,0.989135,0.997879,1417.1732,1395.9386,1941.3826,3768966.5,4015.44,600,experiments\random-sampling\out\results\uniform_random_no_augmentation\trained models\best_balanced_mlp_model_1.pt,100,replicate_results_UNIFORM_RANDOM_to_LHS_aug0.csv,,UNIFORM_RANDOM_LHS_0
2,UNIFORM_RANDOM,LHS,0,0,2800,6.0184,0.941863,149.8318,0.989169,0.989074,0.997873,1483.4384,1462.4912,1944.127,3779629.75,4015.44,600,experiments\random-sampling\out\results\uniform_random_no_augmentation\trained models\best_balanced_mlp_model_2.pt,100,replicate_results_UNIFORM_RANDOM_to_LHS_aug0.csv,,UNIFORM_RANDOM_LHS_0
3,UNIFORM_RANDOM,LHS,0,0,2800,6.3717,0.943327,148.2579,0.988577,0.988503,0.997767,1492.0062,1466.7257,1991.9139,3967721.0,4015.44,600,experiments\random-sampling\out\results\uniform_random_no_augmentation\trained models\best_balanced_mlp_model_3.pt,100,replicate_results_UNIFORM_RANDOM_to_LHS_aug0.csv,,UNIFORM_RANDOM_LHS_0
4,UNIFORM_RANDOM,LHS,0,0,2800,6.3295,0.942406,153.9775,0.989174,0.988972,0.997865,1492.3292,1474.6205,1947.6587,3793374.25,4015.44,600,experiments\random-sampling\out\results\uniform_random_no_augmentation\trained models\best_balanced_mlp_model_4.pt,100,replicate_results_UNIFORM_RANDOM_to_LHS_aug0.csv,,UNIFORM_RANDOM_LHS_0
5,UNIFORM_RANDOM,LHS,0,0,2800,7.2957,0.938792,154.6689,0.986635,0.986428,0.997386,1689.2482,1659.7013,2155.4344,4645897.5,4015.44,600,experiments\random-sampling\out\results\uniform_random_no_augmentation\trained models\best_balanced_mlp_model_5.pt,100,replicate_results_UNIFORM_RANDOM_to_LHS_aug0.csv,,UNIFORM_RANDOM_LHS_0
6,UNIFORM_RANDOM,LHS,0,0,2800,6.5765,0.940878,153.4889,0.9885,0.988233,0.997731,1566.0364,1545.9507,2007.8804,4031583.75,4015.44,600,experiments\random-sampling\out\results\uniform_random_no_augmentation\trained models\best_balanced_mlp_model_6.pt,100,replicate_results_UNIFORM_RANDOM_to_LHS_aug0.csv,,UNIFORM_RANDOM_LHS_0
7,UNIFORM_RANDOM,LHS,0,0,2800,6.7881,0.938843,155.4722,0.987241,0.987165,0.99751,1598.8231,1571.9674,2103.3915,4424256.0,4015.44,600,experiments\random-sampling\out\results\uniform_random_no_augmentation\trained models\best_balanced_mlp_model_7.pt,100,replicate_results_UNIFORM_RANDOM_to_LHS_aug0.csv,,UNIFORM_RANDOM_LHS_0
8,UNIFORM_RANDOM,LHS,0,0,2800,6.7338,0.939839,153.4617,0.988509,0.988488,0.997754,1525.9761,1498.2354,1998.0877,3992354.5,4015.44,600,experiments\random-sampling\out\results\uniform_random_no_augmentation\trained models\best_balanced_mlp_model_8.pt,100,replicate_results_UNIFORM_RANDOM_to_LHS_aug0.csv,,UNIFORM_RANDOM_LHS_0
9,UNIFORM_RANDOM,LHS,0,0,2800,6.3415,0.94496,148.503,0.988612,0.988385,0.997763,1504.7812,1486.0527,1993.923,3975729.0,4015.44,600,experiments\random-sampling\out\results\uniform_random_no_augmentation\trained models\best_balanced_mlp_model_9.pt,100,replicate_results_UNIFORM_RANDOM_to_LHS_aug0.csv,,UNIFORM_RANDOM_LHS_0
10,UNIFORM_RANDOM,LHS,0,0,2800,7.3089,0.937029,157.1825,0.988111,0.987976,0.997664,1570.7588,1546.0753,2037.4039,4151014.75,4015.44,600,experiments\random-sampling\out\results\uniform_random_no_augmentation\trained models\best_balanced_mlp_model_10.pt,100,replicate_results_UNIFORM_RANDOM_to_LHS_aug0.csv,,UNIFORM_RANDOM_LHS_0
1,UNIFORM_RANDOM,LHS,1,0,8400,4.0977,0.955288,119.7499,0.990501,0.990968,0.998195,1093.6411,1059.4966,1790.8862,3207273.5,4015.44,600,experiments\random-sampling\out\trained models\best_balanced_mlp_model_1.pt,100,replicate_results_UNIFORM_RANDOM_to_LHS_aug1.csv,,UNIFORM_RANDOM_LHS_1
2,UNIFORM_RANDOM,LHS,1,0,8400,4.1228,0.957987,121.9073,0.991204,0.99125,0.998293,1104.4651,1085.1833,1741.7801,3033797.75,4015.44,600,experiments\random-sampling\out\trained models\best_balanced_mlp_model_2.pt,100,replicate_results_UNIFORM_RANDOM_to_LHS_aug1.csv,,UNIFORM_RANDOM_LHS_1
3,UNIFORM_RANDOM,LHS,1,0,8400,4.242,0.957871,121.6114,0.990684,0.990659,0.998189,1197.8774,1178.3113,1793.7963,3217705.25,4015.44,600,experiments\random-sampling\out\trained models\best_balanced_mlp_model_3.pt,100,replicate_results_UNIFORM_RANDOM_to_LHS_aug1.csv,,UNIFORM_RANDOM_LHS_1
4,UNIFORM_RANDOM,LHS,1,0,8400,4.3976,0.956828,126.3343,0.99142,0.990967,0.998286,1078.1865,1075.0833,1745.2455,3045881.75,4015.44,600,experiments\random-sampling\out\trained models\best_balanced_mlp_model_4.pt,100,replicate_results_UNIFORM_RANDOM_to_LHS_aug1.csv,,UNIFORM_RANDOM_LHS_1
5,UNIFORM_RANDOM,LHS,1,0,8400,4.6172,0.946597,142.4705,0.990132,0.989764,0.998036,1197.9235,1188.287,1868.1607,3490024.5,4015.44,600,experiments\random-sampling\out\trained models\best_balanced_mlp_model_5.pt,100,replicate_results_UNIFORM_RANDOM_to_LHS_aug1.csv,,UNIFORM_RANDOM_LHS_1
6,UNIFORM_RANDOM,LHS,1,0,8400,4.2305,0.95596,124.1949,0.990658,0.990649,0.998183,1169.556,1148.0405,1797.0972,3229558.25,4015.44,600,experiments\random-sampling\out\trained models\best_balanced_mlp_model_6.pt,100,replicate_results_UNIFORM_RANDOM_to_LHS_aug1.csv,,UNIFORM_RANDOM_LHS_1
7,UNIFORM_RANDOM,LHS,1,0,8400,4.1452,0.958424,117.9247,0.991968,0.991967,0.998432,1015.0995,999.5894,1669.42,2786963.0,4015.44,600,experiments\random-sampling\out\trained models\best_balanced_mlp_model_7.pt,100,replicate_results_UNIFORM_RANDOM_to_LHS_aug1.csv,,UNIFORM_RANDOM_LHS_1
8,UNIFORM_RANDOM,LHS,1,0,8400,4.1369,0.954539,123.4135,0.990547,0.990605,0.998166,1246.8412,1220.9453,1805.5033,3259842.25,4015.44,600,experiments\random-sampling\out\trained models\best_balanced_mlp_model_8.pt,100,replicate_results_UNIFORM_RANDOM_to_LHS_aug1.csv,,UNIFORM_RANDOM_LHS_1
9,UNIFORM_RANDOM,LHS,1,0,8400,4.085,0.959326,118.1385,0.991607,0.991392,0.998347,1037.1277,1025.9303,1714.0636,2938014.0,4015.44,600,experiments\random-sampling\out\trained models\best_balanced_mlp_model_9.pt,100,replicate_results_UNIFORM_RANDOM_to_LHS_aug1.csv,,UNIFORM_RANDOM_LHS_1
10,UNIFORM_RANDOM,LHS,1,0,8400,4.254,0.959106,121.8486,0.99148,0.991201,0.998317,1096.1659,1088.5637,1729.4644,2991047.0,4015.44,600,experiments\random-sampling\out\trained models\best_balanced_mlp_model_10.pt,100,replicate_results_UNIFORM_RANDOM_to_LHS_aug1.csv,,UNIFORM_RANDOM_LHS_1
1,UNIFORM_RANDOM,MCMC,0,0,2800,6.8584,0.880235,57.3607,0.964955,0.964119,0.998746,1210.2374,1212.8182,1551.3335,2406635.75,1230.08,600,experiments\random-sampling\out\results\uniform_random_no_augmentation\trained models\best_balanced_mlp_model_1.pt,100,replicate_results_UNIFORM_RANDOM_to_MCMC_aug0.csv,,UNIFORM_RANDOM_MCMC_0
2,UNIFORM_RANDOM,MCMC,0,0,2800,7.0772,0.886285,56.9028,0.967941,0.967112,0.998852,1205.8951,1207.6915,1484.7008,2204336.5,1230.08,600,experiments\random-sampling\out\results\uniform_random_no_augmentation\trained models\best_balanced_mlp_model_2.pt,100,replicate_results_UNIFORM_RANDOM_to_MCMC_aug0.csv,,UNIFORM_RANDOM_MCMC_0
3,UNIFORM_RANDOM,MCMC,0,0,2800,7.7162,0.888054,57.1726,0.966844,0.966001,0.998813,1182.0035,1184.7385,1509.4535,2278450.0,1230.08,600,experiments\random-sampling\out\results\uniform_random_no_augmentation\trained models\best_balanced_mlp_model_3.pt,100,replicate_results_UNIFORM_RANDOM_to_MCMC_aug0.csv,,UNIFORM_RANDOM_MCMC_0
4,UNIFORM_RANDOM,MCMC,0,0,2800,7.3739,0.884061,58.8508,0.964613,0.963495,0.99873,1251.4047,1255.6577,1561.5688,2438497.0,1230.08,600,experiments\random-sampling\out\results\uniform_random_no_augmentation\trained models\best_balanced_mlp_model_4.pt,100,replicate_results_UNIFORM_RANDOM_to_MCMC_aug0.csv,,UNIFORM_RANDOM_MCMC_0
5,UNIFORM_RANDOM,MCMC,0,0,2800,8.9524,0.876052,59.3735,0.960555,0.959688,0.998591,1348.6554,1348.8445,1644.602,2704715.75,1230.08,600,experiments\random-sampling\out\results\uniform_random_no_augmentation\trained models\best_balanced_mlp_model_5.pt,100,replicate_results_UNIFORM_RANDOM_to_MCMC_aug0.csv,,UNIFORM_RANDOM_MCMC_0
6,UNIFORM_RANDOM,MCMC,0,0,2800,7.7315,0.87647,60.0865,0.966006,0.964925,0.998779,1254.8439,1258.2076,1531.1908,2344545.25,1230.08,600,experiments\random-sampling\out\results\uniform_random_no_augmentation\trained models\best_balanced_mlp_model_6.pt,100,replicate_results_UNIFORM_RANDOM_to_MCMC_aug0.csv,,UNIFORM_RANDOM_MCMC_0
7,UNIFORM_RANDOM,MCMC,0,0,2800,8.022,0.881338,59.2624,0.963826,0.962931,0.998706,1267.6818,1269.1661,1576.2277,2484493.75,1230.08,600,experiments\random-sampling\out\results\uniform_random_no_augmentation\trained models\best_balanced_mlp_model_7.pt,100,replicate_results_UNIFORM_RANDOM_to_MCMC_aug0.csv,,UNIFORM_RANDOM_MCMC_0
8,UNIFORM_RANDOM,MCMC,0,0,2800,8.3467,0.878339,59.3859,0.962923,0.962181,0.998676,1247.5753,1247.3866,1593.9501,2540677.0,1230.08,600,experiments\random-sampling\out\results\uniform_random_no_augmentation\trained models\best_balanced_mlp_model_8.pt,100,replicate_results_UNIFORM_RANDOM_to_MCMC_aug0.csv,,UNIFORM_RANDOM_MCMC_0
9,UNIFORM_RANDOM,MCMC,0,0,2800,7.4252,0.894549,56.2593,0.965943,0.964717,0.998775,1226.8318,1231.6206,1533.2659,2350904.25,1230.08,600,experiments\random-sampling\out\results\uniform_random_no_augmentation\trained models\best_balanced_mlp_model_9.pt,100,replicate_results_UNIFORM_RANDOM_to_MCMC_aug0.csv,,UNIFORM_RANDOM_MCMC_0
10,UNIFORM_RANDOM,MCMC,0,0,2800,9.0106,0.875222,60.8011,0.965132,0.964159,0.99875,1266.3771,1268.5603,1549.1958,2400007.5,1230.08,600,experiments\random-sampling\out\results\uniform_random_no_augmentation\trained models\best_balanced_mlp_model_10.pt,100,replicate_results_UNIFORM_RANDOM_to_MCMC_aug0.csv,,UNIFORM_RANDOM_MCMC_0
1,UNIFORM_RANDOM,MCMC,1,0,8400,5.1457,0.915864,46.161,0.976096,0.976108,0.999155,779.9082,779.7902,1273.7948,1622553.25,1230.08,600,experiments\random-sampling\out\trained models\best_balanced_mlp_model_1.pt,100,replicate_results_UNIFORM_RANDOM_to_MCMC_aug1.csv,,UNIFORM_RANDOM_MCMC_1
2,UNIFORM_RANDOM,MCMC,1,0,8400,5.3052,0.917789,45.874,0.979757,0.978968,0.99927,748.5429,755.4388,1184.1751,1402270.75,1230.08,600,experiments\random-sampling\out\trained models\best_balanced_mlp_model_2.pt,100,replicate_results_UNIFORM_RANDOM_to_MCMC_aug1.csv,,UNIFORM_RANDOM_MCMC_1
3,UNIFORM_RANDOM,MCMC,1,0,8400,5.6207,0.916733,46.2221,0.977324,0.97627,0.999179,817.4816,827.014,1255.0449,1575137.625,1230.08,600,experiments\random-sampling\out\trained models\best_balanced_mlp_model_3.pt,100,replicate_results_UNIFORM_RANDOM_to_MCMC_aug1.csv,,UNIFORM_RANDOM_MCMC_1
4,UNIFORM_RANDOM,MCMC,1,0,8400,5.6978,0.91538,47.4773,0.979245,0.978164,0.999246,720.9918,733.2746,1202.8344,1446810.5,1230.08,600,experiments\random-sampling\out\trained models\best_balanced_mlp_model_4.pt,100,replicate_results_UNIFORM_RANDOM_to_MCMC_aug1.csv,,UNIFORM_RANDOM_MCMC_1
5,UNIFORM_RANDOM,MCMC,1,0,8400,6.4314,0.884656,52.46,0.974306,0.973602,0.999077,841.2626,849.0912,1331.0177,1771608.0,1230.08,600,experiments\random-sampling\out\trained models\best_balanced_mlp_model_5.pt,100,replicate_results_UNIFORM_RANDOM_to_MCMC_aug1.csv,,UNIFORM_RANDOM_MCMC_1
6,UNIFORM_RANDOM,MCMC,1,0,8400,5.3138,0.914132,46.322,0.978008,0.977381,0.999211,774.1671,780.4427,1230.9634,1515271.0,1230.08,600,experiments\random-sampling\out\trained models\best_balanced_mlp_model_6.pt,100,replicate_results_UNIFORM_RANDOM_to_MCMC_aug1.csv,,UNIFORM_RANDOM_MCMC_1
7,UNIFORM_RANDOM,MCMC,1,0,8400,5.5239,0.918459,45.7671,0.980159,0.979539,0.999287,720.0594,727.0927,1170.2419,1369466.0,1230.08,600,experiments\random-sampling\out\trained models\best_balanced_mlp_model_7.pt,100,replicate_results_UNIFORM_RANDOM_to_MCMC_aug1.csv,,UNIFORM_RANDOM_MCMC_1
8,UNIFORM_RANDOM,MCMC,1,0,8400,5.1095,0.908103,46.8353,0.978402,0.977476,0.999219,809.4467,818.7772,1224.5528,1499529.625,1230.08,600,experiments\random-sampling\out\trained models\best_balanced_mlp_model_8.pt,100,replicate_results_UNIFORM_RANDOM_to_MCMC_aug1.csv,,UNIFORM_RANDOM_MCMC_1
9,UNIFORM_RANDOM,MCMC,1,0,8400,4.9387,0.924881,44.5111,0.980246,0.979325,0.999285,712.1431,722.467,1171.607,1372663.0,1230.08,600,experiments\random-sampling\out\trained models\best_balanced_mlp_model_9.pt,100,replicate_results_UNIFORM_RANDOM_to_MCMC_aug1.csv,,UNIFORM_RANDOM_MCMC_1
10,UNIFORM_RANDOM,MCMC,1,0,8400,5.4979,0.920633,46.0021,0.978934,0.977855,0.999236,783.3851,793.8381,1211.18,1466957.0,1230.08,600,experiments\random-sampling\out\trained models\best_balanced_mlp_model_10.pt,100,replicate_results_UNIFORM_RANDOM_to_MCMC_aug1.csv,,UNIFORM_RANDOM_MCMC_1
1,UNIFORM_RANDOM,UNIFORM_RANDOM,0,0,2800,5.8896,0.939893,178.7563,0.98896,0.988741,0.997543,1524.5596,1501.0372,2068.1932,4277423.0,4476.45,600,experiments\random-sampling\out\results\uniform_random_no_augmentation\trained models\best_balanced_mlp_model_1.pt,100,replicate_results_UNIFORM_RANDOM_to_UNIFORM_RANDOM_aug0.csv,,UNIFORM_RANDOM_UNIFORM_RANDOM_0
2,UNIFORM_RANDOM,UNIFORM_RANDOM,0,0,2800,6.0593,0.940944,175.5308,0.98917,0.989006,0.997595,1559.6093,1532.7493,2046.3481,4187540.75,4476.45,600,experiments\random-sampling\out\results\uniform_random_no_augmentation\trained models\best_balanced_mlp_model_2.pt,100,replicate_results_UNIFORM_RANDOM_to_UNIFORM_RANDOM_aug0.csv,,UNIFORM_RANDOM_UNIFORM_RANDOM_0
3,UNIFORM_RANDOM,UNIFORM_RANDOM,0,0,2800,6.2435,0.942675,173.6151,0.988801,0.98863,0.99752,1527.354,1497.8411,2077.9474,4317865.5,4476.45,600,experiments\random-sampling\out\results\uniform_random_no_augmentation\trained models\best_balanced_mlp_model_3.pt,100,replicate_results_UNIFORM_RANDOM_to_UNIFORM_RANDOM_aug0.csv,,UNIFORM_RANDOM_UNIFORM_RANDOM_0
4,UNIFORM_RANDOM,UNIFORM_RANDOM,0,0,2800,6.3353,0.942268,179.4954,0.988845,0.988626,0.997523,1597.7401,1571.5604,2076.4131,4311491.5,4476.45,600,experiments\random-sampling\out\results\uniform_random_no_augmentation\trained models\best_balanced_mlp_model_4.pt,100,replicate_results_UNIFORM_RANDOM_to_UNIFORM_RANDOM_aug0.csv,,UNIFORM_RANDOM_UNIFORM_RANDOM_0
5,UNIFORM_RANDOM,UNIFORM_RANDOM,0,0,2800,7.1752,0.937381,184.6915,0.986403,0.985862,0.996968,1783.8201,1754.1208,2297.2736,5277466.0,4476.45,600,experiments\random-sampling\out\results\uniform_random_no_augmentation\trained models\best_balanced_mlp_model_5.pt,100,replicate_results_UNIFORM_RANDOM_to_UNIFORM_RANDOM_aug0.csv,,UNIFORM_RANDOM_UNIFORM_RANDOM_0
6,UNIFORM_RANDOM,UNIFORM_RANDOM,0,0,2800,6.5107,0.941531,178.327,0.988628,0.988234,0.997459,1614.2595,1589.4849,2103.3635,4424138.0,4476.45,600,experiments\random-sampling\out\results\uniform_random_no_augmentation\trained models\best_balanced_mlp_model_6.pt,100,replicate_results_UNIFORM_RANDOM_to_UNIFORM_RANDOM_aug0.csv,,UNIFORM_RANDOM_UNIFORM_RANDOM_0
7,UNIFORM_RANDOM,UNIFORM_RANDOM,0,0,2800,6.7162,0.939599,180.0735,0.987177,0.987102,0.997182,1659.8385,1623.5691,2214.6933,4904866.5,4476.45,600,experiments\random-sampling\out\results\uniform_random_no_augmentation\trained models\best_balanced_mlp_model_7.pt,100,replicate_results_UNIFORM_RANDOM_to_UNIFORM_RANDOM_aug0.csv,,UNIFORM_RANDOM_UNIFORM_RANDOM_0
8,UNIFORM_RANDOM,UNIFORM_RANDOM,0,0,2800,6.5625,0.941181,177.6882,0.988601,0.988426,0.997474,1590.874,1561.8319,2096.809,4396608.0,4476.45,600,experiments\random-sampling\out\results\uniform_random_no_augmentation\trained models\best_balanced_mlp_model_8.pt,100,replicate_results_UNIFORM_RANDOM_to_UNIFORM_RANDOM_aug0.csv,,UNIFORM_RANDOM_UNIFORM_RANDOM_0
9,UNIFORM_RANDOM,UNIFORM_RANDOM,0,0,2800,6.2898,0.943978,173.0518,0.988549,0.988326,0.997464,1594.3995,1567.4862,2101.1326,4414758.0,4476.45,600,experiments\random-sampling\out\results\uniform_random_no_augmentation\trained models\best_balanced_mlp_model_9.pt,100,replicate_results_UNIFORM_RANDOM_to_UNIFORM_RANDOM_aug0.csv,,UNIFORM_RANDOM_UNIFORM_RANDOM_0
10,UNIFORM_RANDOM,UNIFORM_RANDOM,0,0,2800,7.2069,0.939405,181.75,0.988308,0.988102,0.997406,1633.7485,1602.626,2124.9375,4515359.5,4476.45,600,experiments\random-sampling\out\results\uniform_random_no_augmentation\trained models\best_balanced_mlp_model_10.pt,100,replicate_results_UNIFORM_RANDOM_to_UNIFORM_RANDOM_aug0.csv,,UNIFORM_RANDOM_UNIFORM_RANDOM_0
1,UNIFORM_RANDOM,UNIFORM_RANDOM,1,0,8400,4.2628,0.958267,133.3021,0.990307,0.990749,0.997929,1190.5066,1149.9045,1898.9292,3605932.25,4476.45,600,experiments\random-sampling\out\trained models\best_balanced_mlp_model_1.pt,100,replicate_results_UNIFORM_RANDOM_to_UNIFORM_RANDOM_aug1.csv,,UNIFORM_RANDOM_UNIFORM_RANDOM_1
2,UNIFORM_RANDOM,UNIFORM_RANDOM,1,0,8400,4.34,0.960726,135.101,0.991441,0.991422,0.998125,1166.4048,1145.5482,1806.8785,3264809.75,4476.45,600,experiments\random-sampling\out\trained models\best_balanced_mlp_model_2.pt,100,replicate_results_UNIFORM_RANDOM_to_UNIFORM_RANDOM_aug1.csv,,UNIFORM_RANDOM_UNIFORM_RANDOM_1
3,UNIFORM_RANDOM,UNIFORM_RANDOM,1,0,8400,4.3895,0.961193,134.0209,0.990282,0.99015,0.997871,1309.9084,1289.6603,1925.2828,3706714.0,4476.45,600,experiments\random-sampling\out\trained models\best_balanced_mlp_model_3.pt,100,replicate_results_UNIFORM_RANDOM_to_UNIFORM_RANDOM_aug1.csv,,UNIFORM_RANDOM_UNIFORM_RANDOM_1
4,UNIFORM_RANDOM,UNIFORM_RANDOM,1,0,8400,4.5992,0.960523,139.775,0.991196,0.990604,0.998015,1166.3193,1164.9591,1859.1218,3456333.75,4476.45,600,experiments\random-sampling\out\trained models\best_balanced_mlp_model_4.pt,100,replicate_results_UNIFORM_RANDOM_to_UNIFORM_RANDOM_aug1.csv,,UNIFORM_RANDOM_UNIFORM_RANDOM_1
5,UNIFORM_RANDOM,UNIFORM_RANDOM,1,0,8400,4.8623,0.952571,153.1099,0.989274,0.988666,0.997594,1359.2708,1352.4338,2046.6189,4188648.75,4476.45,600,experiments\random-sampling\out\trained models\best_balanced_mlp_model_5.pt,100,replicate_results_UNIFORM_RANDOM_to_UNIFORM_RANDOM_aug1.csv,,UNIFORM_RANDOM_UNIFORM_RANDOM_1
6,UNIFORM_RANDOM,UNIFORM_RANDOM,1,0,8400,4.4279,0.958464,141.6713,0.99074,0.990751,0.997976,1254.811,1226.2889,1877.0487,3523312.0,4476.45,600,experiments\random-sampling\out\trained models\best_balanced_mlp_model_6.pt,100,replicate_results_UNIFORM_RANDOM_to_UNIFORM_RANDOM_aug1.csv,,UNIFORM_RANDOM_UNIFORM_RANDOM_1
7,UNIFORM_RANDOM,UNIFORM_RANDOM,1,0,8400,4.3698,0.962265,131.4522,0.991901,0.991817,0.998218,1092.25,1074.4663,1761.5143,3102932.5,4476.45,600,experiments\random-sampling\out\trained models\best_balanced_mlp_model_7.pt,100,replicate_results_UNIFORM_RANDOM_to_UNIFORM_RANDOM_aug1.csv,,UNIFORM_RANDOM_UNIFORM_RANDOM_1
8,UNIFORM_RANDOM,UNIFORM_RANDOM,1,0,8400,4.2783,0.957199,138.9727,0.990851,0.990856,0.997996,1316.8821,1290.1155,1867.6126,3487976.75,4476.45,600,experiments\random-sampling\out\trained models\best_balanced_mlp_model_8.pt,100,replicate_results_UNIFORM_RANDOM_to_UNIFORM_RANDOM_aug1.csv,,UNIFORM_RANDOM_UNIFORM_RANDOM_1
9,UNIFORM_RANDOM,UNIFORM_RANDOM,1,0,8400,4.2387,0.961638,132.6006,0.991374,0.991084,0.998085,1140.0293,1128.986,1825.9504,3334095.0,4476.45,600,experiments\random-sampling\out\trained models\best_balanced_mlp_model_9.pt,100,replicate_results_UNIFORM_RANDOM_to_UNIFORM_RANDOM_aug1.csv,,UNIFORM_RANDOM_UNIFORM_RANDOM_1
10,UNIFORM_RANDOM,UNIFORM_RANDOM,1,0,8400,4.449,0.961264,138.6347,0.991307,0.990828,0.998051,1194.0311,1190.2202,1842.0593,3393182.5,4476.45,600,experiments\random-sampling\out\trained models\best_balanced_mlp_model_10.pt,100,replicate_results_UNIFORM_RANDOM_to_UNIFORM_RANDOM_aug1.csv,,UNIFORM_RANDOM_UNIFORM_RANDOM_1
